Date,HomeTeam,AwayTeam,FTHG,FTAG,FTR,HTHG,HTAG,HTR,Referee,HS,AS,HST,AST,HF,AF,HC,AC,HY,AY,HR,AR
2021-08-13,Watford,Man United,3,2,A,1,0,D,Anthony Taylor,19,11,4,3,15,8,1,4,1,1,1,0
2021-08-20,Everton,Watford,4,1,D,0,1,A,Paul Tierry,9,18,3,7,9,16,3,5,1,1,0,0
2021-08-27,West Ham,Everton,0,3,A,2,1,H,Anthony Taylor,5,9,6,5,11,7,12,6,3,1,0,0
2021-09-03,Everton,Man City,2,3,D,0,2,H,Michael Oliver,20,16,6,6,7,8,8,3,3,4,1,1
2021-09-10,Aston Villa,Norwich,3,0,D,0,2,A,Michael Oliver,24,24,2,3,8,16,12,1,1,3,1,0
2021-09-17,Brentford,Norwich,0,1,H,0,0,A,Michael Oliver,5,20,4,7,16,11,5,9,0,2,0,1
2021-09-24,Leeds,Arsenal,0,4,A,0,2,H,Mike Dean,7,8,4,3,15,8,9,5,3,0,0,1
2021-10-01,Aston Villa,Brentford,0,4,D,2,2,D,Mike Dean,17,23,2,1,18,8,18,9,1,4,0,1
2021-10-08,Burnley,Chelsea,3,2,H,0,0,D,Martin Atkins,6,23,6,2,13,13,3,4,2,3,1,0
2021-10-15,Leicester,Watford,0,3,H,2,2,H,Martin Atkins,24,9,7,8,6,11,16,0,2,3,0,0
2021-10-22,Man United,Norwich,0,1,D,1,1,H,Mike Dean,19,18,3,8,18,7,6,9,3,2,0,0
2021-10-29,Aston Villa,Liverpool,3,2,H,0,0,H,Michael Oliver,12,10,7,8,7,9,19,3,1,4,0,0
2021-11-05,Wolves,West Ham,3,2,D,2,1,D,Anthony Taylor,6,17,2,1,6,7,10,3,1,0,1,1
2021-11-12,Man United,Newcastle,3,3,D,2,0,H,Michael Oliver,10,17,2,6,17,8,11,9,0,4,0,0
2021-11-19,Newcastle,Liverpool,2,3,H,2,2,D,Mike Dean,9,9,5,3,11,10,9,5,4,2,0,0
2021-11-26,Brentford,West Ham,3,0,A,0,0,H,Mike Dean,15,13,6,1,7,12,11,0,3,1,0,1
2021-12-03,Man City,Brentford,0,3,A,1,0,A,Martin Atkins,11,10,4,9,8,18,16,0,1,3,0,1
2021-12-10,Liverpool,Crystal Palace,0,2,D,0,1,A,Mike Dean,16,6,7,2,11,5,3,1,0,0,1,1
2021-12-17,Norwich,Man United,4,1,A,0,0,H,Paul Tierry,14,22,3,2,14,19,2,5,1,1,0,0
2021-12-24,Liverpool,Liverpool,4,0,D,0,1,H,Mike Dean,20,15,1,2,12,16,7,9,2,4,1,0
2021-12-31,Leeds,West Ham,2,0,A,0,0,A,Paul Tierry,9,14,3,9,5,7,2,4,0,0,0,0
2022-01-07,Man United,Man City,1,4,D,1,1,H,Mike Dean,5,17,4,4,17,19,5,3,0,4,1,1
2022-01-14,Brighton,Leeds,4,2,A,0,0,D,Paul Tierry,21,17,9,7,7,12,13,6,1,3,1,1
2022-01-21,Liverpool,Wolves,2,1,A,2,0,A,Mike Dean,14,11,1,1,15,12,0,5,3,4,0,1
2022-01-28,Everton,Man City,2,4,A,0,1,D,Mike Dean,16,12,7,8,19,18,9,8,2,4,0,1
2022-02-04,Watford,Wolves,4,2,A,0,0,D,Martin Atkins,9,21,1,1,6,18,14,6,2,2,1,1
2022-02-11,Tottenham,Aston Villa,4,4,D,1,2,D,Michael Oliver,18,23,8,8,5,5,19,3,1,4,0,0
2022-02-18,Norwich,Man City,1,3,H,2,2,D,Martin Atkins,23,17,9,2,13,13,13,9,3,4,0,0
2022-02-25,Burnley,Norwich,0,0,H,1,1,H,Paul Tierry,14,10,6,8,15,18,17,8,4,4,1,1
2022-03-04,Norwich,West Ham,0,4,D,1,2,A,Paul Tierry,18,11,8,7,14,17,0,2,3,0,0,1
2022-03-11,Tottenham,Leicester,3,3,D,2,2,A,Martin Atkins,9,11,5,3,6,9,14,7,4,1,0,0
2022-03-18,Brentford,Leeds,3,1,H,2,0,H,Martin Atkins,8,22,7,1,6,7,8,7,4,4,1,1
2022-03-25,Newcastle,Southampton,4,1,D,2,0,H,Anthony Taylor,14,8,8,4,16,13,13,7,2,4,1,0
2022-04-01,Chelsea,Newcastle,2,1,D,2,0,H,Michael Oliver,6,9,6,9,11,12,6,5,1,4,0,1
2022-04-08,Newcastle,Burnley,2,2,A,0,0,A,Paul Tierry,17,17,2,1,16,10,13,7,1,3,0,1
2022-04-15,Newcastle,Newcastle,2,1,A,0,1,H,Michael Oliver,11,19,6,6,17,12,8,9,2,1,1,0
2022-04-22,Arsenal,Crystal Palace,1,0,H,1,2,D,Anthony Taylor,22,5,8,7,19,8,13,6,3,4,0,0
2022-04-29,Burnley,Chelsea,4,4,D,1,2,D,Anthony Taylor,16,12,3,9,19,18,11,2,3,2,1,1
2022-05-06,Aston Villa,West Ham,0,0,A,0,0,H,Anthony Taylor,13,7,2,7,18,14,6,0,4,1,1,0
2022-05-13,Aston Villa,Newcastle,4,0,H,0,1,A,Martin Atkins,5,7,9,6,8,6,14,8,4,1,0,0
2022-05-20,Newcastle,Everton,2,3,A,1,1,H,Paul Tierry,13,12,4,2,9,7,4,2,2,4,1,1
2022-05-27,Brighton,Leeds,4,4,D,1,2,A,Michael Oliver,16,11,3,2,13,18,3,5,4,0,1,0
2022-06-03,Burnley,Norwich,3,0,D,1,2,D,Martin Atkins,7,20,9,1,16,17,17,1,2,2,1,1
2022-06-10,Leeds,Aston Villa,0,1,A,1,2,A,Mike Dean,19,7,1,8,15,18,15,8,1,0,1,1
2022-06-17,Southampton,Liverpool,2,1,H,1,1,H,Anthony Taylor,21,13,3,9,7,8,0,9,1,1,1,1
2022-06-24,Brentford,Brentford,0,1,H,1,0,A,Michael Oliver,15,15,8,5,14,14,17,8,4,1,0,1
2022-07-01,Crystal Palace,Crystal Palace,3,3,D,1,1,H,Anthony Taylor,10,13,3,8,11,19,19,5,3,1,1,1
2022-07-08,Leeds,Chelsea,1,4,A,0,0,A,Anthony Taylor,22,7,6,4,7,9,5,7,3,1,0,0
2022-07-15,Man City,Southampton,2,0,D,1,2,A,Anthony Taylor,22,9,1,5,19,12,1,9,3,4,1,1
2022-07-22,Aston Villa,Watford,3,4,H,2,1,D,Anthony Taylor,6,22,7,4,14,10,11,9,1,2,1,1
2022-07-29,Tottenham,Arsenal,2,4,D,0,0,D,Anthony Taylor,7,7,9,2,6,17,14,4,2,3,1,1
2022-08-05,Burnley,Man City,1,3,A,2,2,A,Martin Atkins,8,14,6,8,6,16,11,6,3,3,1,0
2022-08-12,Brighton,Burnley,2,0,A,2,2,H,Martin Atkins,20,21,3,7,7,15,4,8,3,2,1,1
2022-08-19,Brighton,Liverpool,4,1,H,0,0,D,Martin Atkins,17,23,6,2,5,9,11,8,3,3,1,1
2022-08-26,Watford,Newcastle,2,4,H,1,2,H,Mike Dean,8,8,1,1,19,9,9,4,4,0,0,0
2022-09-02,Crystal Palace,West Ham,0,0,A,2,1,H,Paul Tierry,20,10,8,5,16,15,8,8,4,0,1,1
2022-09-09,Everton,Leeds,1,2,A,0,2,H,Anthony Taylor,16,21,6,9,9,6,1,5,0,1,1,1
2022-09-16,Watford,West Ham,3,0,D,0,2,D,Mike Dean,23,20,3,1,18,17,12,2,1,2,0,0
2022-09-23,Brighton,Liverpool,4,4,D,1,2,A,Anthony Taylor,17,10,1,4,12,17,18,7,4,1,0,0
2022-09-30,Newcastle,Liverpool,0,4,A,2,2,D,Martin Atkins,13,16,4,3,8,17,11,6,1,1,0,1
2022-10-07,Tottenham,Watford,0,0,H,2,0,A,Anthony Taylor,11,6,8,5,12,11,19,4,4,2,1,0
2022-10-14,Brentford,Brentford,4,2,D,2,0,D,Martin Atkins,5,17,7,9,13,18,9,7,3,1,1,1
2022-10-21,Brighton,Watford,4,1,H,0,0,H,Michael Oliver,11,7,2,7,16,11,13,4,4,0,1,0
2022-10-28,Watford,Watford,1,3,A,1,2,A,Mike Dean,7,8,3,1,9,12,16,6,3,4,0,0
2022-11-04,Brighton,Southampton,2,0,A,2,0,A,Anthony Taylor,18,15,9,4,5,11,4,6,4,0,1,0
2022-11-11,Chelsea,Wolves,3,3,H,2,2,A,Mike Dean,15,24,6,7,18,19,16,7,0,0,1,1
2022-11-18,West Ham,Man United,2,4,A,0,2,D,Mike Dean,18,12,3,1,9,6,13,8,3,3,0,1
2022-11-25,Leicester,Arsenal,1,0,A,1,1,D,Paul Tierry,14,18,9,2,5,16,14,5,0,3,0,0
2022-12-02,Newcastle,Burnley,4,0,D,2,1,H,Michael Oliver,21,5,2,1,9,15,2,7,3,1,0,0
2022-12-09,Everton,Liverpool,4,0,A,2,1,A,Martin Atkins,17,24,3,2,12,12,14,8,0,4,0,0
2022-12-16,Wolves,Wolves,1,4,D,1,1,D,Michael Oliver,18,7,5,9,19,17,10,3,4,4,0,1
2022-12-23,Wolves,Brentford,1,3,D,2,0,H,Michael Oliver,17,21,9,8,18,5,1,6,0,1,0,0
2022-12-30,West Ham,Crystal Palace,0,4,H,0,0,D,Mike Dean,23,14,6,1,15,12,17,3,1,2,1,1
2023-01-06,Leicester,Man United,1,0,D,0,0,A,Mike Dean,7,23,4,4,11,12,5,4,1,3,1,1
2023-01-13,Man City,Crystal Palace,1,3,D,0,0,A,Mike Dean,13,5,9,5,7,13,19,2,4,2,0,0
2023-01-20,West Ham,Everton,0,0,A,0,2,D,Paul Tierry,23,12,3,5,8,14,9,0,2,1,0,0
2023-01-27,Man United,Arsenal,3,1,H,2,1,D,Martin Atkins,12,17,5,3,9,16,3,1,1,2,0,1
2023-02-03,Brighton,Everton,3,1,H,1,1,H,Anthony Taylor,12,10,1,3,12,18,11,4,4,4,1,0
2023-02-10,Wolves,Aston Villa,2,2,H,1,2,A,Michael Oliver,15,15,3,9,12,7,0,4,4,0,0,1
2023-02-17,Man City,Everton,0,2,H,2,2,H,Paul Tierry,17,10,2,6,18,8,5,0,3,0,0,0
2023-02-24,Brentford,Liverpool,0,3,D,2,0,H,Martin Atkins,24,11,8,1,5,16,14,9,4,4,1,0
2023-03-03,Burnley,Liverpool,4,4,A,0,2,A,Mike Dean,17,10,2,7,18,14,4,8,4,1,0,1
2023-03-10,Wolves,Brentford,0,4,A,2,2,D,Anthony Taylor,8,6,3,5,17,9,13,9,1,2,0,0
2023-03-17,Crystal Palace,Leicester,2,3,A,1,2,H,Michael Oliver,23,9,6,8,8,12,1,3,1,0,1,0
2023-03-24,Arsenal,Burnley,1,4,D,1,1,D,Michael Oliver,8,10,8,9,9,5,19,2,2,3,1,0
2023-03-31,Tottenham,tottenham,3,2,H,2,2,D,Michael Oliver,10,17,3,5,16,7,16,2,4,1,0,0
2023-04-07,Leicester,Man United,4,2,D,0,1,A,Anthony Taylor,12,19,9,4,9,9,13,2,3,2,1,0
2023-04-14,Norwich,Newcastle,1,0,A,2,2,H,Mike Dean,12,5,6,4,12,7,1,3,2,3,1,1
2023-04-21,Man City,Newcastle,4,2,A,2,0,A,Anthony Taylor,22,20,3,7,15,9,13,4,0,3,1,1
2023-04-28,Leicester,Norwich,4,1,H,0,1,D,Martin Atkins,12,19,6,7,5,19,11,1,3,0,0,0
2023-05-05,Man City,Aston Villa,4,2,H,1,1,A,Paul Tierry,18,15,9,1,6,7,1,3,1,4,1,1
2023-05-12,Arsenal,Leicester,2,0,A,1,1,A,Martin Atkins,8,12,9,5,14,11,17,3,2,4,0,1
2023-05-19,Norwich,tottenham,2,4,H,1,0,D,Paul Tierry,10,17,2,2,14,9,12,4,3,2,1,0
2023-05-26,Tottenham,Man United,2,1,A,1,0,H,Anthony Taylor,8,17,9,5,13,13,13,8,0,2,1,0
2023-06-02,Brentford,Brentford,1,3,H,1,1,H,Mike Dean,21,23,7,6,19,13,3,0,3,0,0,0
2023-06-09,Man United,Burnley,3,2,H,2,0,D,Michael Oliver,5,6,2,5,12,5,5,4,3,1,1,0
2023-06-16,Everton,Crystal Palace,0,1,D,0,1,H,Mike Dean,5,8,5,8,12,19,5,7,2,2,1,0
2023-06-23,Everton,Brentford,3,0,H,2,0,H,Mike Dean,16,14,7,9,9,17,15,5,3,2,1,0
2023-06-30,Southampton,Leicester,2,2,H,1,2,A,Mike Dean,14,18,4,3,13,6,4,7,0,3,0,0
2023-07-07,Wolves,Man United,3,1,A,0,2,D,Michael Oliver,24,23,5,1,10,5,4,1,0,1,0,1
2023-07-14,Brighton,Aston Villa,2,3,A,0,1,A,Mike Dean,24,22,9,6,6,6,13,8,1,3,1,1
2023-07-21,West Ham,Man United,2,1,D,2,0,H,Anthony Taylor,11,15,1,4,17,13,9,3,4,1,0,1
2023-07-28,West Ham,Man City,0,3,D,1,2,H,Michael Oliver,21,6,5,6,12,6,7,8,3,3,0,0
2023-08-04,Everton,Burnley,1,0,H,0,0,H,Mike Dean,8,7,3,2,13,12,12,6,1,3,1,1
2023-08-11,Man United,Man City,2,1,A,2,0,H,Michael Oliver,15,7,5,2,14,6,9,7,3,3,0,0
2023-08-18,Man City,Southampton,4,4,D,1,2,D,Mike Dean,10,11,5,4,16,19,5,9,2,0,0,1
2023-08-25,Brentford,Wolves,0,1,D,0,0,A,Anthony Taylor,18,10,4,9,6,6,13,8,3,1,0,1
2023-09-01,Leeds,Brighton,3,0,A,2,2,H,Paul Tierry,12,22,7,7,11,19,2,3,1,3,1,0
2023-09-08,Leicester,Brighton,0,1,H,0,0,A,Anthony Taylor,21,16,3,9,15,6,4,4,0,1,0,0
2023-09-15,Man United,Norwich,2,0,H,2,1,A,Mike Dean,13,19,2,3,11,13,11,9,1,4,0,0
2023-09-22,Brighton,Southampton,3,2,H,0,2,D,Anthony Taylor,16,5,7,2,11,12,17,4,4,1,1,0
2023-09-29,Arsenal,Man City,4,1,D,2,0,A,Martin Atkins,8,23,5,9,9,19,7,0,2,2,1,0
2023-10-06,Tottenham,Chelsea,0,3,H,1,2,D,Martin Atkins,18,19,3,2,7,10,17,6,3,3,1,0
2023-10-13,Brighton,Chelsea,0,0,D,0,0,H,Martin Atkins,8,24,2,8,11,16,17,6,2,0,1,0
2023-10-20,Brentford,Liverpool,4,0,H,2,0,H,Mike Dean,7,10,3,2,5,10,8,7,1,0,0,1
2023-10-27,Wolves,Man City,1,3,A,1,2,A,Martin Atkins,5,21,6,8,13,14,16,8,0,2,1,0
2023-11-03,Newcastle,Man City,1,3,D,0,0,H,Martin Atkins,5,8,6,6,19,12,18,2,1,2,1,1
2023-11-10,Leicester,Leeds,4,3,D,1,1,D,Martin Atkins,12,20,6,2,7,7,13,3,2,0,1,0
2023-11-17,Norwich,Newcastle,4,3,D,0,2,H,Anthony Taylor,12,23,9,1,9,13,8,8,2,2,1,1
2023-11-24,Brighton,Liverpool,4,0,D,2,2,H,Mike Dean,23,21,7,8,10,9,12,6,1,0,1,0
2023-12-01,Burnley,Burnley,0,3,A,2,0,A,Paul Tierry,6,13,5,7,9,15,13,4,3,4,1,0
2023-12-08,Brentford,Wolves,4,1,A,0,1,D,Paul Tierry,18,18,1,1,12,13,7,9,2,3,1,1
2023-12-15,Tottenham,Man City,3,3,H,0,1,H,Paul Tierry,20,13,6,2,8,11,1,7,3,0,1,1
2023-12-22,Wolves,tottenham,3,3,A,1,1,H,Anthony Taylor,15,9,6,3,16,5,7,2,1,1,1,1
2023-12-29,Man City,Everton,2,0,A,0,2,D,Anthony Taylor,20,12,1,5,16,13,9,2,3,1,0,0
2024-01-05,Wolves,Chelsea,3,4,H,1,0,H,Paul Tierry,11,17,1,4,16,14,18,5,0,4,1,0
2024-01-12,Wolves,tottenham,1,0,A,1,0,A,Paul Tierry,14,8,7,5,14,19,3,9,4,1,1,1
2024-01-19,Burnley,Everton,4,1,H,1,1,D,Paul Tierry,20,9,5,4,5,13,8,9,2,0,0,0
2024-01-26,Liverpool,Arsenal,3,2,H,1,1,A,Mike Dean,10,11,9,8,17,10,3,7,1,2,0,1
2024-02-02,Wolves,Southampton,2,1,D,0,0,D,Martin Atkins,12,20,2,3,13,5,5,7,0,1,0,1
2024-02-09,Chelsea,Wolves,0,2,H,1,0,H,Paul Tierry,12,17,7,4,14,12,0,6,4,2,1,0
2024-02-16,Crystal Palace,Brentford,1,4,H,2,1,D,Michael Oliver,12,18,2,1,8,19,15,6,3,0,0,0
2024-02-23,Chelsea,Leicester,2,1,H,1,2,H,Paul Tierry,17,9,1,8,6,13,5,3,2,3,1,1
2024-03-01,Wolves,Burnley,4,4,H,1,1,H,Mike Dean,24,12,6,9,10,17,0,0,1,1,1,0
2024-03-08,Aston Villa,Man City,2,4,H,0,1,H,Michael Oliver,17,8,1,8,13,7,11,1,1,3,0,0
2024-03-15,Leeds,Liverpool,0,2,D,1,1,D,Martin Atkins,10,23,5,8,13,17,17,2,2,1,0,0
2024-03-22,Tottenham,Burnley,0,4,A,0,2,D,Michael Oliver,15,7,6,1,13,7,12,2,0,0,0,0
2024-03-29,Crystal Palace,Leeds,3,3,D,2,0,A,Paul Tierry,13,24,5,2,10,5,0,9,0,0,0,1
2024-04-05,Wolves,West Ham,4,4,H,0,0,D,Martin Atkins,17,10,7,1,12,7,17,8,2,4,1,1
2024-04-12,Norwich,Chelsea,1,4,D,1,1,A,Martin Atkins,22,20,5,3,18,10,9,9,2,3,0,1
2024-04-19,Wolves,Liverpool,1,3,D,2,0,H,Michael Oliver,21,9,9,7,17,12,4,4,1,2,1,0
2024-04-26,Southampton,West Ham,3,0,H,2,1,A,Martin Atkins,14,23,4,6,10,9,12,0,1,1,1,0
2024-05-03,Leicester,Chelsea,1,2,H,0,1,H,Martin Atkins,20,15,9,2,16,19,8,0,0,4,0,1
2024-05-10,Watford,Everton,1,3,D,2,1,A,Paul Tierry,14,5,6,6,16,8,2,2,1,2,1,0
2024-05-17,Leeds,Chelsea,2,3,A,1,0,D,Mike Dean,7,24,4,9,12,12,0,5,2,0,1,0
2024-05-24,Leicester,Liverpool,0,2,H,1,0,D,Michael Oliver,12,9,4,1,8,7,6,3,2,4,0,0
2024-05-31,Brighton,Newcastle,1,4,H,1,2,D,Paul Tierry,6,21,8,2,16,7,12,7,0,3,1,1
2024-06-07,Wolves,Watford,1,1,H,0,0,A,Anthony Taylor,11,18,3,4,19,19,12,0,2,1,0,0
2024-06-14,Leicester,Burnley,2,2,H,2,1,H,Martin Atkins,16,10,3,1,11,7,16,3,4,4,1,0
2024-06-21,Man United,Liverpool,1,4,A,0,2,H,Anthony Taylor,9,14,4,7,7,12,0,9,2,0,0,0
2024-06-28,Wolves,Man City,3,2,D,2,0,D,Anthony Taylor,6,10,4,1,7,7,19,8,3,3,1,1
2024-07-05,Arsenal,tottenham,3,0,A,2,1,A,Paul Tierry,8,11,5,3,10,12,15,6,4,4,1,1
2024-07-12,Arsenal,Man City,2,3,H,0,2,A,Anthony Taylor,8,20,1,5,11,13,3,9,0,2,0,1
2024-07-19,Liverpool,tottenham,2,0,D,1,0,A,Michael Oliver,5,8,9,3,5,10,2,4,2,2,1,0
2024-07-26,Brighton,Liverpool,0,4,D,1,1,H,Anthony Taylor,9,9,9,2,6,15,0,5,2,3,0,0
2024-08-02,Aston Villa,Wolves,1,4,A,0,2,A,Mike Dean,13,14,2,8,14,16,3,9,4,3,0,0
2024-08-09,Crystal Palace,Watford,4,0,H,2,2,D,Mike Dean,8,6,8,6,9,7,7,1,2,4,0,0
2024-08-16,Aston Villa,Aston Villa,1,3,H,0,1,A,Paul Tierry,23,21,3,9,17,11,17,3,0,0,1,1
2024-08-23,Aston Villa,Watford,1,3,H,0,1,A,Paul Tierry,19,9,5,5,15,15,13,1,2,0,1,1
2024-08-30,Southampton,Burnley,1,3,H,1,0,D,Anthony Taylor,15,6,9,3,5,13,5,4,4,2,1,0
2024-09-06,Leeds,Southampton,4,0,H,2,2,D,Michael Oliver,16,9,5,7,12,5,16,7,2,2,1,1
2024-09-13,Liverpool,Aston Villa,0,3,A,2,1,A,Martin Atkins,15,5,1,1,10,19,1,0,3,0,1,1
2024-09-20,Watford,Liverpool,4,2,H,1,2,D,Michael Oliver,18,16,4,2,11,13,16,4,2,1,0,1
2024-09-27,Burnley,Wolves,2,0,D,0,1,D,Martin Atkins,21,17,9,6,15,5,17,4,3,0,0,0
2024-10-04,Wolves,Southampton,1,4,H,0,1,A,Paul Tierry,16,22,2,4,15,7,9,3,1,2,0,0
2024-10-11,Aston Villa,Man United,2,1,D,2,2,D,Mike Dean,17,13,6,2,8,5,15,3,1,3,0,1
2024-10-18,Norwich,Brighton,1,0,H,2,0,D,Anthony Taylor,16,22,5,9,18,17,6,7,2,1,0,0
2024-10-25,Liverpool,Newcastle,3,2,H,1,1,H,Paul Tierry,17,12,2,9,12,6,12,4,2,3,0,1
2024-11-01,Brentford,Man United,3,4,A,1,0,D,Martin Atkins,19,20,7,3,13,9,15,3,0,3,1,0
2024-11-08,Leeds,Chelsea,0,2,A,1,2,A,Mike Dean,10,10,5,1,14,10,12,6,2,0,1,0
2024-11-15,West Ham,Wolves,1,0,A,0,1,H,Paul Tierry,17,13,5,8,14,8,19,1,0,4,1,1
2024-11-22,Burnley,Crystal Palace,1,3,H,1,0,D,Anthony Taylor,14,14,4,9,10,9,11,5,3,3,0,1
2024-11-29,Chelsea,Watford,3,1,H,0,1,A,Martin Atkins,15,10,5,1,16,9,1,0,4,0,1,0
2024-12-06,Aston Villa,Norwich,0,0,H,2,1,H,Martin Atkins,8,8,2,2,17,17,16,5,0,4,1,1
2024-12-13,Man City,Man City,4,2,A,2,0,A,Paul Tierry,24,12,6,3,5,15,12,2,1,0,1,1
2024-12-20,Watford,Wolves,2,4,H,2,1,D,Mike Dean,18,7,2,2,14,14,8,4,4,2,0,1
2024-12-27,Wolves,Man City,3,3,D,2,2,A,Michael Oliver,15,21,5,9,11,17,15,6,3,0,0,1
2025-01-03,Newcastle,Burnley,0,4,A,0,1,D,Anthony Taylor,18,12,1,9,15,5,0,2,3,4,0,1
2025-01-10,Aston Villa,Aston Villa,3,2,H,1,2,A,Michael Oliver,9,19,3,9,16,6,7,4,3,4,1,0
2025-01-17,Newcastle,Newcastle,2,3,D,2,0,H,Paul Tierry,16,23,7,5,14,9,5,8,3,4,1,1
2025-01-24,Everton,Leicester,4,2,H,1,0,H,Mike Dean,5,16,1,4,9,12,13,2,4,1,0,0
2025-01-31,Leeds,Aston Villa,4,1,H,1,0,A,Anthony Taylor,23,8,8,3,9,14,14,4,4,1,1,1
2025-02-07,Liverpool,Man United,2,2,D,0,0,H,Martin Atkins,6,9,1,8,8,16,18,8,3,0,1,0
2025-02-14,Chelsea,Burnley,4,0,D,2,2,H,Mike Dean,22,17,9,9,14,17,11,9,2,2,1,1
2025-02-21,Tottenham,West Ham,3,4,H,1,1,H,Michael Oliver,18,23,1,6,8,11,16,2,1,3,1,1
2025-02-28,West Ham,Wolves,3,1,D,2,2,D,Michael Oliver,7,23,9,8,6,19,19,5,4,4,0,0
2025-03-07,Southampton,West Ham,2,0,A,0,1,A,Paul Tierry,6,13,6,8,11,10,10,2,1,2,1,1
2025-03-14,Burnley,Burnley,2,3,A,1,1,H,Martin Atkins,10,10,3,1,13,9,4,1,4,1,1,1
2025-03-21,Wolves,Aston Villa,1,3,H,2,0,A,Anthony Taylor,14,13,2,4,13,13,11,6,4,0,0,1
2025-03-28,Brentford,Everton,4,3,A,0,2,D,Mike Dean,18,20,3,9,17,9,9,9,0,0,1,0
2025-04-04,Norwich,Southampton,3,1,A,2,0,H,Michael Oliver,9,17,9,7,19,7,2,2,1,0,0,1
2025-04-11,Norwich,Norwich,1,1,A,0,1,H,Martin Atkins,8,14,7,5,5,7,6,1,2,1,0,1
2025-04-18,Newcastle,Crystal Palace,2,2,H,1,0,H,Michael Oliver,20,17,9,7,5,16,13,3,1,4,0,0
2025-04-25,Leeds,Chelsea,2,3,H,0,2,D,Anthony Taylor,14,8,7,4,5,17,10,7,2,2,0,0
2025-05-02,Arsenal,Aston Villa,3,2,H,1,1,D,Michael Oliver,5,24,8,8,12,9,0,3,4,0,1,1
2025-05-09,Tottenham,Crystal Palace,3,3,A,0,2,A,Anthony Taylor,10,13,5,5,5,19,14,3,3,1,0,1
2025-05-16,Newcastle,Newcastle,3,2,D,2,0,D,Paul Tierry,20,8,6,3,12,10,19,9,4,1,0,0
2025-05-23,Wolves,Arsenal,3,3,A,2,0,D,Paul Tierry,18,10,7,5,8,7,14,8,2,2,0,1
2025-05-30,Arsenal,Liverpool,4,0,H,0,0,H,Paul Tierry,12,12,2,5,8,16,7,3,4,4,1,1
2025-06-06,Everton,Liverpool,3,1,A,1,1,A,Mike Dean,22,7,2,1,19,18,15,9,1,4,0,1
2025-06-13,Leicester,Liverpool,3,1,A,1,0,D,Mike Dean,13,9,7,3,7,10,18,7,1,1,0,0
2025-06-20,Newcastle,Aston Villa,3,4,H,0,1,D,Michael Oliver,14,19,8,7,13,7,19,2,0,0,1,0
2025-06-27,Chelsea,Crystal Palace,1,0,A,1,1,A,Anthony Taylor,23,8,6,4,16,6,2,4,0,1,1,0
2025-07-04,Brighton,Leeds,3,4,A,1,2,D,Paul Tierry,5,23,2,6,16,11,1,7,1,2,0,1
2025-07-11,Tottenham,Wolves,2,0,A,0,1,D,Mike Dean,19,5,8,3,5,14,6,5,4,4,0,1
2025-07-18,Newcastle,Everton,3,0,A,2,2,H,Anthony Taylor,7,8,3,7,18,16,1,5,1,4,1,1
2025-07-25,Newcastle,Southampton,2,3,A,0,1,D,Martin Atkins,22,5,7,3,16,18,15,0,2,0,0,1
2025-08-01,Watford,Watford,2,3,A,1,2,A,Mike Dean,11,20,3,2,8,5,15,7,0,3,1,1
2025-08-08,Man City,Man City,0,2,A,1,1,D,Paul Tierry,23,7,8,5,9,19,13,6,0,2,0,1
2025-08-15,Tottenham,Arsenal,0,4,A,2,2,D,Mike Dean,20,7,1,2,17,19,18,3,1,0,0,1
2025-08-22,Leeds,Burnley,0,4,H,2,0,D,Mike Dean,11,6,5,9,18,13,5,7,0,4,0,0
2025-08-29,Brighton,Southampton,1,0,H,0,0,D,Paul Tierry,7,5,2,6,5,12,0,8,0,4,1,1
2025-09-05,Southampton,Arsenal,4,2,D,0,0,A,Martin Atkins,16,23,8,2,16,14,9,2,3,3,1,0
2025-09-12,Liverpool,Man United,3,0,D,0,0,A,Martin Atkins,7,21,2,8,15,17,5,5,3,1,1,0
2025-09-19,Man City,Everton,3,4,H,2,0,A,Anthony Taylor,17,20,1,6,13,15,17,8,1,3,1,1
2025-09-26,Burnley,Wolves,4,0,H,1,0,H,Paul Tierry,6,24,5,6,19,8,13,6,3,0,0,1
2025-10-03,Chelsea,Leeds,3,1,D,0,1,H,Paul Tierry,7,15,6,1,6,5,13,6,1,3,1,0
2025-10-10,West Ham,Man City,3,2,D,0,0,H,Michael Oliver,21,16,6,8,8,14,3,9,3,4,1,0
2025-10-17,Aston Villa,Aston Villa,3,1,A,2,1,D,Mike Dean,14,8,3,3,17,5,12,6,1,2,1,0
2025-10-24,Crystal Palace,Watford,1,4,D,1,0,A,Martin Atkins,11,12,9,9,15,17,12,4,0,2,0,1
2025-10-31,Wolves,Crystal Palace,1,3,D,1,0,D,Mike Dean,18,14,9,1,19,9,18,7,3,4,1,1
2025-11-07,Wolves,Man City,2,1,D,0,0,A,Martin Atkins,12,13,9,3,18,8,14,0,3,3,0,1
2025-11-14,Brighton,Norwich,1,4,D,0,0,A,Paul Tierry,13,8,2,3,12,5,8,2,1,0,0,1
2025-11-21,Chelsea,Brentford,1,3,D,1,0,D,Michael Oliver,10,19,9,7,12,6,2,8,1,0,0,1
2025-11-28,Newcastle,Norwich,0,4,H,1,1,A,Martin Atkins,8,8,1,2,19,15,19,9,2,1,1,0
2025-12-05,Everton,Leicester,0,1,H,2,0,H,Anthony Taylor,15,16,3,2,12,16,7,6,0,2,1,1
2025-12-12,Southampton,Brentford,1,1,A,1,2,D,Paul Tierry,19,7,4,6,19,8,6,0,4,2,0,0
2025-12-19,Crystal Palace,Southampton,0,2,H,1,2,A,Anthony Taylor,7,16,9,2,7,11,12,3,0,3,1,1
2025-12-26,Wolves,Watford,1,2,H,0,0,D,Mike Dean,22,17,4,1,19,13,0,6,4,0,0,1
2026-01-02,Brighton,Norwich,1,4,H,1,2,A,Paul Tierry,5,18,1,2,10,6,19,1,1,2,1,1
2026-01-09,Liverpool,Southampton,3,3,D,2,1,D,Mike Dean,15,10,6,2,11,13,0,3,2,1,0,0
2026-01-16,Brighton,Man City,3,2,H,1,1,A,Paul Tierry,23,5,4,9,9,8,3,6,4,0,1,0
2026-01-23,Southampton,Aston Villa,3,3,A,0,0,A,Paul Tierry,7,12,3,9,17,16,7,0,3,0,1,0
2026-01-30,Newcastle,Leeds,0,2,H,0,1,A,Michael Oliver,11,8,9,9,16,10,0,6,2,3,0,1
2026-02-06,Norwich,Crystal Palace,3,3,H,0,0,H,Michael Oliver,12,23,7,9,5,15,7,0,2,2,0,0
2026-02-13,Wolves,Everton,0,1,D,1,2,A,Martin Atkins,12,13,8,1,8,14,15,9,1,3,0,1
2026-02-20,Tottenham,Man United,3,0,D,2,1,H,Anthony Taylor,17,5,6,6,7,11,17,5,2,2,0,0
2026-02-27,Norwich,Southampton,3,1,A,0,2,A,Paul Tierry,18,7,8,4,11,17,9,8,3,1,0,1
2026-03-06,Newcastle,Watford,1,0,D,1,2,D,Mike Dean,18,10,6,7,8,10,17,0,4,3,0,1
2026-03-13,West Ham,Brentford,2,3,D,2,1,H,Mike Dean,9,6,7,2,6,15,11,7,1,4,0,0
2026-03-20,Chelsea,Man United,4,3,H,2,1,H,Mike Dean,16,13,1,9,5,9,15,6,4,3,0,1
2026-03-27,Watford,Norwich,1,0,D,1,1,A,Michael Oliver,19,7,6,9,14,13,13,8,3,4,1,0
2026-04-03,Norwich,tottenham,0,2,H,1,1,H,Mike Dean,12,12,9,2,11,11,5,8,4,0,0,0
2026-04-10,Watford,Man City,1,1,H,2,0,A,Michael Oliver,21,24,3,1,14,15,16,0,2,1,0,1
2026-04-17,Leicester,Chelsea,0,2,H,1,2,H,Michael Oliver,9,23,6,3,5,14,5,2,2,3,1,0
2026-04-24,Newcastle,Newcastle,3,0,D,2,1,A,Michael Oliver,20,18,5,5,18,14,0,8,1,4,1,0
2026-05-01,Arsenal,Man United,2,4,H,0,1,D,Martin Atkins,11,15,9,6,5,7,12,5,1,0,1,1
2026-05-08,Brighton,Arsenal,1,1,D,1,2,A,Paul Tierry,13,19,3,4,19,8,5,5,2,1,1,1
2026-05-15,West Ham,Wolves,2,3,A,1,2,H,Paul Tierry,23,13,3,5,16,14,8,7,4,4,1,1
2026-05-22,Southampton,tottenham,2,1,A,0,0,H,Mike Dean,21,17,2,9,9,13,12,2,2,4,0,1
2026-05-29,Norwich,Chelsea,2,0,A,2,1,H,Mike Dean,15,24,4,4,6,6,4,9,0,2,1,1
2026-06-05,Brighton,Arsenal,1,2,D,2,2,H,Paul Tierry,10,5,2,1,6,14,10,1,3,1,1,1
2026-06-12,Tottenham,Chelsea,1,1,H,0,2,H,Martin Atkins,16,24,4,8,12,6,5,9,4,2,1,1
2026-06-19,Burnley,Chelsea,3,2,D,2,2,A,Anthony Taylor,9,11,6,9,13,16,6,5,1,4,0,0
2026-06-26,West Ham,Brighton,1,2,H,2,0,A,Paul Tierry,7,14,9,4,9,14,6,7,3,0,0,0
2026-07-03,Brentford,Man City,1,1,D,2,1,D,Anthony Taylor,18,8,9,3,13,6,3,5,1,3,0,0
2026-07-10,Watford,Arsenal,2,1,A,0,1,D,Michael Oliver,24,10,1,9,5,6,2,0,0,3,1,0
2026-07-17,Man United,tottenham,4,3,H,1,2,H,Anthony Taylor,22,18,4,1,15,17,18,0,3,2,1,1
2026-07-24,Brentford,Leicester,0,2,A,0,2,A,Michael Oliver,8,21,1,7,17,5,10,3,1,0,0,0
2026-07-31,Leicester,Wolves,3,0,D,1,2,A,Paul Tierry,22,22,6,7,11,12,16,3,3,3,1,1
2026-08-07,Arsenal,Burnley,4,3,A,0,2,H,Paul Tierry,5,14,8,2,5,13,0,9,2,4,0,0
2026-08-14,Leeds,Brighton,0,4,A,2,2,H,Anthony Taylor,11,22,3,6,18,15,10,2,1,2,0,1
2026-08-21,Burnley,Burnley,3,3,H,2,1,H,Anthony Taylor,14,14,5,7,13,6,1,4,1,2,0,1
2026-08-28,Leicester,Wolves,4,0,H,1,2,H,Anthony Taylor,7,21,5,3,12,17,18,8,2,2,1,0
2026-09-04,Man United,Wolves,4,4,A,2,2,A,Martin Atkins,7,19,3,3,12,12,2,1,3,0,0,1
2026-09-11,Man City,Man United,0,4,A,0,0,D,Martin Atkins,11,17,3,7,6,19,0,7,0,2,0,0
2026-09-18,Tottenham,tottenham,1,2,A,0,0,A,Mike Dean,17,11,1,9,19,8,12,8,1,1,1,1
2026-09-25,Southampton,Crystal Palace,4,2,H,0,1,H,Anthony Taylor,19,14,9,7,11,18,18,7,4,1,1,1
2026-10-02,West Ham,Norwich,3,0,H,0,0,H,Anthony Taylor,14,10,8,8,10,6,12,9,2,0,0,1
2026-10-09,Newcastle,Wolves,0,4,H,0,1,A,Paul Tierry,9,5,5,9,18,9,10,5,2,2,1,1
2026-10-16,Brentford,Burnley,0,1,D,0,0,D,Martin Atkins,17,9,5,3,12,7,6,1,2,0,0,1
2026-10-23,Liverpool,Southampton,4,2,D,0,1,A,Mike Dean,17,22,8,9,8,14,12,1,4,1,0,0
2026-10-30,Man City,Liverpool,3,0,H,1,1,A,Martin Atkins,14,19,1,1,12,9,5,9,3,4,0,1
2026-11-06,Man City,Watford,0,1,A,0,2,A,Paul Tierry,15,22,7,2,5,12,11,5,4,1,0,0
2026-11-13,Man City,tottenham,4,1,H,0,2,D,Martin Atkins,17,15,6,8,13,9,9,9,1,3,0,0
2026-11-20,Crystal Palace,Liverpool,0,2,H,2,1,H,Paul Tierry,6,17,5,1,8,16,2,3,2,1,0,0
2026-11-27,Aston Villa,Brentford,4,0,H,2,2,D,Mike Dean,12,6,1,9,16,12,8,4,4,0,1,1
2026-12-04,Watford,Everton,1,3,D,1,1,D,Michael Oliver,11,18,5,8,5,10,17,7,0,0,0,0
2026-12-11,Arsenal,Watford,4,1,H,1,1,D,Paul Tierry,23,14,1,5,6,8,16,8,0,4,1,0
2026-12-18,Man City,Leicester,0,2,D,1,0,A,Michael Oliver,24,22,5,5,5,7,10,7,1,0,1,1
2026-12-25,Leeds,Brighton,4,3,H,1,2,H,Paul Tierry,15,18,8,5,13,13,9,8,0,2,0,1
2027-01-01,Man United,Liverpool,4,2,A,1,2,D,Mike Dean,12,5,8,1,8,11,17,8,2,0,0,1
2027-01-08,Liverpool,Brighton,2,2,H,2,2,D,Martin Atkins,8,9,2,5,16,13,11,0,0,2,1,0
2027-01-15,Man City,Newcastle,1,1,H,2,2,D,Martin Atkins,22,9,7,4,18,12,15,3,4,3,0,0
2027-01-22,Crystal Palace,Man City,4,2,H,2,0,H,Mike Dean,21,23,5,9,15,7,16,3,4,1,1,0
2027-01-29,Watford,Southampton,0,2,H,2,0,H,Paul Tierry,24,16,4,6,5,17,0,2,0,2,1,0
2027-02-05,Aston Villa,Burnley,1,3,H,0,2,H,Martin Atkins,9,21,3,6,5,18,9,4,0,4,0,1
2027-02-12,Tottenham,Leicester,2,0,A,0,1,D,Paul Tierry,14,9,2,7,15,18,10,7,4,4,1,1
2027-02-19,Man City,Man City,4,3,H,1,2,D,Michael Oliver,19,10,5,2,15,13,13,0,4,4,1,1
2027-02-26,Norwich,Liverpool,0,3,H,1,2,D,Mike Dean,20,6,5,9,19,16,17,9,2,3,1,0
2027-03-05,Brentford,Newcastle,3,2,D,0,2,A,Mike Dean,18,9,6,7,9,8,10,9,0,1,0,0
2027-03-12,Man City,Wolves,4,3,D,0,2,H,Martin Atkins,16,17,6,6,5,14,5,1,3,0,0,1
2027-03-19,Wolves,Wolves,2,3,D,1,0,H,Paul Tierry,20,24,9,5,16,12,4,3,1,4,1,1
2027-03-26,Chelsea,Watford,3,3,A,2,2,D,Martin Atkins,22,18,9,8,18,11,17,7,4,0,0,1
2027-04-02,Watford,Southampton,3,2,D,0,0,D,Michael Oliver,8,21,2,3,5,8,9,5,2,1,1,0
2027-04-09,Chelsea,Leicester,1,1,H,2,2,D,Mike Dean,9,23,8,8,13,16,14,7,1,4,0,1
2027-04-16,Wolves,Watford,1,4,H,1,1,H,Michael Oliver,14,24,9,5,15,6,6,4,0,2,0,0
2027-04-23,Norwich,Crystal Palace,1,2,D,2,2,D,Martin Atkins,10,8,8,9,10,15,13,3,1,3,1,1
2027-04-30,Norwich,Burnley,2,2,A,2,1,A,Mike Dean,19,15,6,6,16,19,3,6,4,3,1,1
2027-05-07,Aston Villa,Man United,2,2,H,2,2,H,Anthony Taylor,20,7,5,9,15,17,11,4,4,2,1,0
2027-05-14,Liverpool,Liverpool,4,3,D,1,1,H,Michael Oliver,22,18,9,6,8,11,5,0,3,0,1,0
2027-05-21,Liverpool,Wolves,3,0,D,1,0,D,Anthony Taylor,17,24,2,5,8,10,2,6,3,0,1,1
2027-05-28,Southampton,Brentford,3,2,A,1,1,D,Anthony Taylor,15,21,6,9,13,17,1,0,2,2,1,1
2027-06-04,Chelsea,Wolves,3,1,A,2,0,H,Martin Atkins,17,16,8,5,17,10,15,9,4,2,1,0
2027-06-11,Norwich,Man United,1,0,H,1,2,A,Anthony Taylor,15,5,5,6,17,14,8,5,0,3,0,1
2027-06-18,Everton,Leeds,2,4,D,1,2,H,Mike Dean,15,24,6,6,7,7,16,0,1,1,1,0
2027-06-25,Chelsea,Newcastle,3,0,H,2,1,D,Paul Tierry,24,5,3,1,7,8,8,2,1,0,1,0
2027-07-02,Watford,Newcastle,1,2,A,0,0,D,Paul Tierry,10,13,5,4,18,8,7,0,4,0,0,0
2027-07-09,Norwich,Brighton,4,4,H,0,0,D,Paul Tierry,10,14,1,9,8,5,7,3,0,4,1,1
2027-07-16,Aston Villa,Liverpool,1,3,H,0,0,H,Mike Dean,22,6,8,4,18,11,16,6,1,0,0,1
2027-07-23,Watford,Watford,3,1,A,2,2,D,Mike Dean,16,11,2,6,10,5,6,5,0,4,0,0
2027-07-30,Watford,Man United,0,4,D,1,2,D,Paul Tierry,24,17,1,1,6,5,14,7,0,1,1,1
2027-08-06,Wolves,Newcastle,0,1,D,2,1,H,Michael Oliver,14,12,3,1,7,13,7,4,4,0,0,1
2027-08-13,Southampton,tottenham,1,1,A,0,2,D,Mike Dean,14,14,7,7,9,17,17,1,3,1,1,0
2027-08-20,Leicester,Brighton,1,2,A,0,1,H,Michael Oliver,21,22,5,3,18,6,0,8,2,3,0,0
2027-08-27,Brighton,Liverpool,3,0,D,1,2,H,Martin Atkins,23,24,2,4,9,15,18,7,4,1,0,1
2027-09-03,Crystal Palace,Leeds,1,3,D,1,2,H,Paul Tierry,20,8,6,4,12,13,12,4,4,2,1,0
2027-09-10,West Ham,Everton,1,1,D,2,1,D,Anthony Taylor,10,20,7,4,10,15,0,6,0,1,0,0
2027-09-17,Southampton,West Ham,1,4,H,2,2,H,Anthony Taylor,18,17,5,3,11,5,19,4,0,2,0,1
2027-09-24,Aston Villa,Aston Villa,2,2,D,2,1,H,Michael Oliver,11,8,2,7,6,8,4,6,2,0,1,1
2027-10-01,Man United,Leeds,4,3,A,2,0,D,Michael Oliver,16,17,8,5,9,7,18,4,2,3,0,0
2027-10-08,Man City,Leeds,2,2,A,0,2,D,Paul Tierry,18,6,6,1,15,13,4,3,1,1,0,1
2027-10-15,Norwich,Man City,2,4,H,2,1,A,Anthony Taylor,11,22,9,2,5,17,17,3,0,0,0,1
2027-10-22,Man City,Brentford,1,2,H,0,2,D,Anthony Taylor,16,13,8,9,17,14,4,9,4,4,0,0
2027-10-29,Newcastle,Leicester,4,1,A,1,2,D,Michael Oliver,23,20,4,9,7,19,3,0,0,1,0,0
2027-11-05,Brighton,West Ham,3,1,A,1,2,H,Paul Tierry,13,7,1,6,17,9,3,0,2,2,1,0
2027-11-12,Tottenham,Chelsea,0,3,D,2,0,D,Mike Dean,17,20,5,6,10,17,13,9,1,0,1,0
2027-11-19,Norwich,Chelsea,3,0,A,0,0,D,Michael Oliver,5,12,2,1,11,10,0,9,3,2,0,0
2027-11-26,Arsenal,Leeds,1,0,A,2,2,H,Michael Oliver,7,11,5,3,13,10,3,6,1,0,1,1
2027-12-03,Brighton,Chelsea,1,2,H,2,2,D,Mike Dean,10,24,1,2,11,15,3,2,2,1,1,0
2027-12-10,Chelsea,Newcastle,4,4,A,0,2,D,Anthony Taylor,13,5,8,2,6,17,2,9,2,4,0,1
2027-12-17,Burnley,Chelsea,1,3,A,0,2,D,Martin Atkins,10,11,8,7,14,13,4,1,1,2,1,1
2027-12-24,Man United,Burnley,0,4,H,1,0,D,Martin Atkins,12,16,5,5,8,16,15,0,1,4,1,0
2027-12-31,Burnley,Arsenal,4,3,D,1,1,D,Martin Atkins,9,10,5,4,12,18,4,8,0,1,1,0
2028-01-07,Man City,Man City,4,2,D,2,2,A,Anthony Taylor,14,8,8,8,14,5,18,2,0,0,1,1
2028-01-14,Burnley,tottenham,0,0,H,0,1,D,Martin Atkins,22,23,2,3,15,10,5,3,1,0,0,1
2028-01-21,Watford,Man City,1,0,D,1,1,H,Paul Tierry,22,21,3,7,12,14,11,3,4,1,0,0
2028-01-28,Aston Villa,Leicester,2,3,A,1,0,D,Anthony Taylor,8,10,6,3,9,8,10,4,0,2,0,0
2028-02-04,Wolves,Man City,2,4,H,2,1,D,Anthony Taylor,9,12,4,2,6,18,6,7,1,1,0,0
2028-02-11,Chelsea,Chelsea,1,0,A,1,1,H,Martin Atkins,24,15,5,2,6,19,11,7,2,0,1,0
2028-02-18,Man United,West Ham,3,4,A,2,1,H,Paul Tierry,15,15,4,6,6,9,1,6,2,1,0,1
2028-02-25,Liverpool,Arsenal,2,0,A,1,2,D,Paul Tierry,11,12,7,8,17,13,10,6,4,2,1,1
2028-03-03,Brentford,Arsenal,2,0,D,2,2,A,Martin Atkins,15,22,8,7,18,17,6,6,0,4,0,1
2028-03-10,Chelsea,Man United,0,0,A,0,1,D,Mike Dean,23,11,1,6,11,7,4,2,2,3,0,1
2028-03-17,Watford,Man United,2,2,H,1,2,H,Paul Tierry,14,24,3,1,16,15,16,6,2,4,0,1
2028-03-24,Leicester,Watford,3,4,H,0,1,D,Anthony Taylor,10,24,8,2,6,16,16,7,1,2,0,1
2028-03-31,Wolves,Newcastle,3,1,A,2,0,D,Michael Oliver,10,17,3,5,13,19,1,4,4,2,0,0
2028-04-07,Man City,Man City,1,1,A,1,2,A,Paul Tierry,7,6,1,3,17,5,5,5,0,1,0,0
2028-04-14,West Ham,Watford,1,1,H,0,1,H,Michael Oliver,13,19,8,4,8,5,5,5,0,0,1,1
2028-04-21,Crystal Palace,Liverpool,1,3,H,2,0,A,Mike Dean,22,15,4,5,6,7,0,7,1,4,1,1
2028-04-28,Arsenal,Burnley,2,2,A,2,1,H,Michael Oliver,14,18,9,8,10,13,4,4,2,2,0,1
2028-05-05,Everton,Burnley,1,1,A,2,2,H,Mike Dean,7,13,7,6,14,16,1,6,0,4,0,0
2028-05-12,Man City,Leicester,0,3,A,1,2,H,Martin Atkins,7,7,6,2,14,5,18,5,0,4,1,0
2028-05-19,West Ham,Leicester,3,3,H,1,1,H,Mike Dean,6,19,1,6,13,5,15,9,4,2,0,1
2028-05-26,Leeds,Man City,4,1,A,0,2,A,Michael Oliver,8,9,3,3,8,7,0,5,2,1,1,0
2028-06-02,Brentford,Newcastle,1,3,D,1,2,H,Anthony Taylor,11,14,5,5,5,5,11,4,2,0,0,1
2028-06-09,Chelsea,Chelsea,4,4,H,2,0,A,Paul Tierry,16,8,4,8,18,19,19,8,4,2,1,1
2028-06-16,Watford,Liverpool,1,3,A,1,2,A,Michael Oliver,22,22,4,9,16,14,12,4,3,1,1,1
2028-06-23,Leicester,Leeds,0,4,D,2,2,H,Paul Tierry,23,8,2,1,8,10,19,5,1,4,1,0
2028-06-30,Newcastle,Leeds,4,1,A,0,0,H,Michael Oliver,21,8,2,2,14,6,3,0,4,4,1,0
2028-07-07,Brentford,Norwich,0,2,A,0,0,D,Paul Tierry,9,6,6,9,11,9,18,5,1,1,1,1
2028-07-14,Liverpool,Watford,1,3,D,1,0,D,Mike Dean,7,7,4,5,18,13,0,8,4,2,1,0
2028-07-21,Man City,Arsenal,3,1,A,2,1,H,Michael Oliver,9,18,1,9,6,8,10,5,2,3,1,1
2028-07-28,Tottenham,Norwich,2,2,D,1,0,A,Michael Oliver,7,7,4,9,18,19,19,5,0,1,0,1
2028-08-04,Tottenham,Brighton,4,2,D,1,0,H,Mike Dean,5,15,7,5,19,7,13,3,1,1,1,0
2028-08-11,Tottenham,Man United,1,4,A,2,0,A,Michael Oliver,14,15,7,8,7,10,10,6,0,4,1,0
2028-08-18,Leicester,Leicester,3,2,A,2,0,D,Paul Tierry,14,15,1,5,7,14,9,5,3,1,1,1
2028-08-25,Tottenham,Leicester,2,3,D,1,1,D,Michael Oliver,8,6,3,2,12,17,11,6,4,2,0,1
2028-09-01,Brentford,Brighton,1,3,A,1,1,A,Anthony Taylor,18,11,8,3,14,14,4,3,4,4,0,0
2028-09-08,Crystal Palace,Burnley,3,3,H,2,1,H,Anthony Taylor,6,5,4,7,18,13,12,8,2,2,1,0
2028-09-15,Tottenham,Burnley,0,2,A,1,2,H,Michael Oliver,14,15,3,8,18,16,11,6,4,0,1,1
2028-09-22,Burnley,Arsenal,1,1,D,1,1,A,Michael Oliver,11,8,4,5,17,6,1,9,2,4,1,0
2028-09-29,Crystal Palace,Brighton,4,1,A,2,2,H,Anthony Taylor,20,22,8,1,10,9,11,6,3,4,0,1
2028-10-06,Watford,Everton,3,4,H,0,1,A,Michael Oliver,17,6,2,3,14,15,0,2,2,1,1,1
2028-10-13,Leicester,Leicester,4,4,A,2,2,D,Martin Atkins,20,20,4,8,9,18,19,3,2,0,0,1
2028-10-20,Burnley,Wolves,4,2,D,2,2,A,Mike Dean,5,9,2,8,14,5,4,5,4,2,0,1
2028-10-27,Tottenham,Man United,2,2,A,2,2,A,Mike Dean,11,14,2,8,15,9,1,6,0,2,0,0
2028-11-03,Liverpool,Everton,2,2,A,1,1,D,Michael Oliver,9,10,4,5,8,5,4,0,1,1,0,1
2028-11-10,Brentford,Leicester,0,2,A,2,0,A,Paul Tierry,12,16,4,3,11,16,5,6,4,3,0,0
2028-11-17,Wolves,Liverpool,0,2,A,1,0,A,Martin Atkins,18,12,4,9,18,8,7,8,2,1,1,0
